<?xml version="1.0" encoding="UTF-8"?>
<!DOCTYPE mapper PUBLIC "-//mybatis.org//DTD Mapper 3.0//EN" "http://mybatis.org/dtd/mybatis-3-mapper.dtd">
<mapper namespace="com.docmall.mapper.MemberMapper">

	<!-- 회원가입 -->
	<!-- <insert id="join" parameterType="com.docmall.domain.MemberVO">
		INSERT INTO MEMBER_TBL(
			MBR_ID, 
			MBR_NM, 
			MBR_PW, 
			MBR_ZIP, 
			MBR_ADDR, 
			MBR_DADDR,
			MBR_TELNO, 
			MBR_EML_ADDR, 
			MBR_EML_ADDR_YN
		)VALUES(
			#{mbr_id},
			#{mbr_nm},
			#{mbr_pw},
			#{mbr_zip},
			#{mbr_addr},
			#{mbr_daddr},
			#{mbr_telno},
			#{mbr_eml_addr},
			#{mbr_eml_addr_yn}
		)
	</insert> -->
	<!-- 회원가입 프로시저 사용-->
	<insert id="join" parameterType="com.docmall.domain.MemberVO" statementType="CALLABLE">
		call P_MEMBER_ADD( 
	        #{mbr_id},           
	        #{mbr_nm},          
	        #{mbr_pw},           
	        #{mbr_zip},          
	        #{mbr_addr},           
	        #{mbr_daddr},       
	        #{mbr_telno},      
	        #{mbr_eml_addr},      
	        #{mbr_eml_addr_yn},  
	        #{p_errcode, mode=OUT, jdbcType=VARCHAR},
			#{p_errmsg, mode=OUT, jdbcType=VARCHAR}
		)
	</insert>
	
	
	<!-- 아이디 중복확인 -->
	<select id="idCheck" resultType="String" parameterType="String">
		SELECT MBR_ID 
		FROM MEMBER_TBL 
		WHERE MBR_ID = #{mbr_id}
	</select>
	
	<!-- 휴대폰번호 중복확인 -->
	<select id="telNoCheck" resultType="String" parameterType="String">
		SELECT MBR_TELNO 
		FROM MEMBER_TBL 
		WHERE MBR_TELNO = #{mbr_telno}
	</select>
	
	<!-- 이메일 중복확인 -->
	<select id="mailCheck" resultType="String" parameterType="String">
		SELECT MBR_EML_ADDR 
		FROM MEMBER_TBL 
		WHERE MBR_EML_ADDR = #{mbr_eml_addr}
	</select>
	
	<!-- 로그인 -->
	<select id="login_ok" resultType="com.docmall.domain.MemberVO" parameterType="com.docmall.dto.LoginDTO">
		SELECT A.MBR_ID,
			   A.MBR_NM,
			   A.MBR_PW,
			   A.MBR_ZIP,
			   A.MBR_ADDR,
			   A.MBR_DADDR,
			   A.MBR_TELNO, 
        	   A.MBR_EML_ADDR,
        	   A.MBR_EML_ADDR_YN,
        	   B.MBR_POINT_NY,
        	   B.MBR_GRADE_CODE,
        	   B.MBR_ACCUMULATE_MY
		FROM MEMBER_TBL A, 
			 MEMBER_DETAIL_TBL B
		WHERE A.MBR_ID = B.MBR_ID AND
              A.MBR_ID = #{mbr_id}
	</select>
	
	<!-- 로그인시간 업데이트 -->
	<update id="login_date" parameterType="String">
		UPDATE MEMBER_TBL 
		SET MBR_CNTN_DATE = SYSDATE
	    WHERE MBR_ID = #{mbr_id}
	</update>
	
	<!-- 아이디찾기 -->
	<select id="searchID" resultType="String">
		SELECT MBR_ID 
		FROM MEMBER_TBL 
		WHERE MBR_EML_ADDR = #{mbr_eml_addr} AND
		  	  MBR_NM = #{mbr_nm} 
	</select>
	
	<!-- 임시 비밀번호 발급을 위한 확인작업 -->
	<select id="getIdEmailExists" resultType="String">
		SELECT MBR_ID 
		FROM MEMBER_TBL 
		WHERE MBR_EML_ADDR = #{mbr_eml_addr} AND
		  	  MBR_ID = #{mbr_id} 
	</select>
	
	<!-- 임시비밀번호로 업데이트 -->
	<update id="changeImsiPW" parameterType="String">
		UPDATE MEMBER_TBL 
		SET MBR_PW = #{enc_mbr_pw}
	    WHERE MBR_ID = #{mbr_id}
	</update>
	
	
	<!-- 회원정보수정 -->
	<update id="modify" parameterType="com.docmall.domain.MemberVO">
		UPDATE MEMBER_TBL 
		SET MBR_NM  		=	#{mbr_nm},      
			<if test ="mbr_pw != null and !mbr_pw.equals('')">    
			MBR_PW  		=	#{mbr_pw}, 
			</if>          
			MBR_ZIP         =	#{mbr_zip},          
			MBR_ADDR        =	#{mbr_addr},           
			MBR_DADDR       = 	#{mbr_daddr},       
			MBR_TELNO       = 	#{mbr_telno},      
			MBR_EML_ADDR    =   #{mbr_eml_addr},      
			MBR_EML_ADDR_YN =   #{mbr_eml_addr_yn}  
	    WHERE MBR_ID = #{mbr_id}
	</update>
	
	
	
	
	
	
	
	
	
	
	
	
	
	
	
	
	
	
	
	

</mapper>