<?xml version="1.0" encoding="UTF-8"?>
<beans:beans xmlns="http://www.springframework.org/schema/mvc"
	xmlns:xsi="http://www.w3.org/2001/XMLSchema-instance"
	xmlns:beans="http://www.springframework.org/schema/beans"
	xmlns:context="http://www.springframework.org/schema/context"
	xsi:schemaLocation="http://www.springframework.org/schema/mvc https://www.springframework.org/schema/mvc/spring-mvc.xsd
		http://www.springframework.org/schema/beans https://www.springframework.org/schema/beans/spring-beans.xsd
		http://www.springframework.org/schema/context https://www.springframework.org/schema/context/spring-context.xsd">

	<!-- DispatcherServlet Context: defines this servlet's request-processing infrastructure -->
	
	<!-- Enables the Spring MVC @Controller programming model -->
	<annotation-driven />

	<!-- Handles HTTP GET requests for /resources/** by efficiently serving up static resources in the ${webappRoot}/resources directory -->
	<resources mapping="/resources/**" location="/resources/" />
	
	
	<!-- 추가주소 -->
	<resources mapping="/bower_components/**" location="/resources/bower_components/" />
	<resources mapping="/dist/**" location="/resources/dist/" />
	<resources mapping="/plugins/**" location="/resources/plugins/" />
	
	<resources mapping="/css/**" location="/resources/css/" />
	<resources mapping="/js/**" location="/resources/js/" />

	<!-- Resolves views selected for rendering by @Controllers to .jsp resources in the /WEB-INF/views directory -->
	<beans:bean class="org.springframework.web.servlet.view.InternalResourceViewResolver">
		<beans:property name="prefix" value="/WEB-INF/views/" />
		<beans:property name="suffix" value=".jsp" />
	</beans:bean>
	
	<!-- 프로젝트 생성과함께 자동추가 -->
	<context:component-scan base-package="com.docmall.controller" />
	
	<context:component-scan base-package="com.docmall.exception" />
	
	<!-- 파일업로드 bean설정. id="multipartResolver" 예약어-->
	<beans:bean id="multipartResolver" class="org.springframework.web.multipart.support.StandardServletMultipartResolver"></beans:bean>
	
	
	
</beans:beans>
